’βδηρα | ’βδηρα
Αγία Βαρβάρα | Αγία Βαρβάρα
Αγία Γαλήνη | Αγία Γαλήνη
Αγία Παρασκευή | Αγία Παρασκευή
’γιοι Ανάργυροι | ’γιοι Ανάργυροι
’γιοι Δέκα | ’γιοι Δέκα
’γιος Αθανάσιος | ’γιος Αθανάσιος
’γιος Δημήτριος | ’γιος Δημήτριος
’γιος Ιωάννης Ρέντης | ’γιος Ιωάννης Ρέντης
’γιος Μύρωνας | ’γιος Μύρωνας
’γιος Νικόλαος | ’γιος Νικόλαος
’γιος Παύλος | ’γιος Παύλος
Αγρίνιο | Αγρίνιο
Αθήνα | Αθήνα
Αιγάλεω | Αιγάλεω
Αίγινα | Αίγινα
Αίγιο | Αίγιο
Αιτωλικό | Αιτωλικό
Αλεξάνδρεια | Αλεξάνδρεια
Αλεξανδρούπολη | Αλεξανδρούπολη
Αλιβέρι | Αλιβέρι
Αλικιανός | Αλικιανός
’λιμος | ’λιμος
Αλμυρίδα | Αλμυρίδα
Αλμυρός | Αλμυρός
Αμαλιάδα | Αμαλιάδα
Αμάρι | Αμάρι
Αμοργός | Αμοργός
Αμπελόκηποι | Αμπελόκηποι
Αμυγδαλέωνας | Αμυγδαλέωνας
Αμύνταιο | Αμύνταιο
Αμφίκλεια | Αμφίκλεια
Αμφιλοχία | Αμφιλοχία
’μφισσα | ’μφισσα
Ανάβυσσος | Ανάβυσσος
’νδρος | ’νδρος
’νοιξη | ’νοιξη
Αντιμάχεια | Αντιμάχεια
Αντίπαρος | Αντίπαρος
’νω Βιάννος | ’νω Βιάννος
’νω Λιόσια | ’νω Λιόσια
Ανώγεια | Ανώγεια
Αξιούπολη | Αξιούπολη
Αράχωβα | Αράχωβα
’ργος | ’ργος
’ργος Ορεστικό | ’ργος Ορεστικό
Αργοστόλι | Αργοστόλι
Αργυρούπολη | Αργυρούπολη
Αριδαία | Αριδαία
Αρκαλοχώρι | Αρκαλοχώρι
’ρτα | ’ρτα
Αρχάγγελος | Αρχάγγελος
Αρχάνες | Αρχάνες
Ασβεστοχώρι | Ασβεστοχώρι
Ασήμι | Ασήμι
Ασπροβάλτα | Ασπροβάλτα
Ασπρόπυργος | Ασπρόπυργος
’στρος | ’στρος
Αστυπάλαια | Αστυπάλαια
Αταλάντη | Αταλάντη
Αυλώνα | Αυλώνα
Αχαρνές | Αχαρνές
Βάθη Χανίων | Βάθη Χανίων
Βαθύ | Βαθύ
Βάμος | Βάμος
Βάρη | Βάρη
Βαρθολόμιο | Βαρθολόμιο
Βασιλική | Βασιλική
Βασιλικό | Βασιλικό
Βέροια | Βέροια
ΒΙ.ΠΕ.Θ. | ΒΙ.ΠΕ.Θ.
Βόνιτσα | Βόνιτσα
Βούλα | Βούλα
Βουλιαγμένη | Βουλιαγμένη
Βραχάσι | Βραχάσι
Βριλήσια | Βριλήσια
Βροντάδος | Βροντάδος
Βρύσες | Βρύσες
Βύρωνας | Βύρωνας
Γάζι | Γάζι
Γαλαξίδι | Γαλαξίδι
Γαλάτσι | Γαλάτσι
Γαργαλιάνοι | Γαργαλιάνοι
Γέρακας | Γέρακας
Γέργερη | Γέργερη
Γιαννιτσά | Γιαννιτσά
Γλυκά Νερά | Γλυκά Νερά
Γλυφάδα | Γλυφάδα
Γρεβενά | Γρεβενά
Δαφνές | Δαφνές
Δάφνη | Δάφνη
Δελφοί | Δελφοί
Διδυμότειχο | Διδυμότειχο
Διόνυσος | Διόνυσος
Δισπήλιο | Δισπήλιο
Δοξάτο | Δοξάτο
Δράμα | Δράμα
Δραπετσώνα | Δραπετσώνα
Έδεσσα | Έδεσσα
Εκάλη | Εκάλη
Ελασσόνα | Ελασσόνα
Ελευθέριο | Ελευθέριο
Ελευθερούπολη | Ελευθερούπολη
Ελευσίνα | Ελευσίνα
Ελληνικό | Ελληνικό
Ελούντα | Ελούντα
Επισκοπή | Επισκοπή
Επισκοπή Ηρακλείου | Επισκοπή Ηρακλείου
Ερέτρια | Ερέτρια
Ερμιόνη | Ερμιόνη
Εύοσμο | Εύοσμο
Ζάκυνθος | Ζάκυνθος
Ζαρός | Ζαρός
Ζωγράφος | Ζωγράφος
Ηγουμενίτσα | Ηγουμενίτσα
Ηλιούπολη | Ηλιούπολη
Ηράκλεια | Ηράκλεια
Ηράκλειο | Ηράκλειο
Θάσος | Θάσος
Θεσσαλονίκη | Θεσσαλονίκη
Θήβα | Θήβα
Θήρα | Θήρα
Ιάλυσος | Ιάλυσος
Ιεράπετρα | Ιεράπετρα
Ιθάκη | Ιθάκη
Ίλιον | Ίλιον
Ίος | Ίος
Ιτέα | Ιτέα
Ιωάννινα | Ιωάννινα
Ιωνία Θεσσαλονίκης | Ιωνία Θεσσαλονίκης
Καβάλα | Καβάλα
Καισαριανή | Καισαριανή
Καλάβρυτα | Καλάβρυτα
Καλαμαριά | Καλαμαριά
Καλαμάτα | Καλαμάτα
Καλαμπάκα | Καλαμπάκα
Καλαμωτή | Καλαμωτή
Καλλιθέα | Καλλιθέα
Καλλικράτεια | Καλλικράτεια
Καλοχώρι | Καλοχώρι
Καλύβες | Καλύβες
Κάλυμνος | Κάλυμνος
Καματερό | Καματερό
Καναλλάκι | Καναλλάκι
Καπανδρίτι | Καπανδρίτι
Καρδάμυλα | Καρδάμυλα
Καρδίτσα | Καρδίτσα
Καρλόβασι | Καρλόβασι
Καρουσάδες | Καρουσάδες
Κάρπαθος | Κάρπαθος
Καρπενήσι | Καρπενήσι
Κάρυστος | Κάρυστος
Κάσος | Κάσος
Κασσάνδρεια | Κασσάνδρεια
Καστελλάνοι Μέσης | Καστελλάνοι Μέσης
Καστέλλι | Καστέλλι
Καστοριά | Καστοριά
Καταστάρι | Καταστάρι
Κατερίνη | Κατερίνη
Κάτω Αχαϊα | Κάτω Αχαϊα
Κερατέα | Κερατέα
Κερατσίνι | Κερατσίνι
Κέρκυρα | Κέρκυρα
Κηφισιά | Κηφισιά
Κιλκίς | Κιλκίς
Κίμωλος | Κίμωλος
Κίσσαμος | Κίσσαμος
Κοζάνη | Κοζάνη
Κολυμβάρι | Κολυμβάρι
Κομοτηνή | Κομοτηνή
Κόνιτσα | Κόνιτσα
Κόρινθος | Κόρινθος
Κοροπί | Κοροπί
Κορυδαλλός | Κορυδαλλός
Κρανίδι | Κρανίδι
Κριτσά | Κριτσά
Κρουσώνας | Κρουσώνας
Κρύα Βρύση | Κρύα Βρύση
Κρυονέρι | Κρυονέρι
Κύθνος | Κύθνος
Κυπαρισσία | Κυπαρισσία
Κως | Κως
Λαγκαδάς | Λαγκαδάς
Λαμία | Λαμία
Λάρισα | Λάρισα
Λαύριο | Λαύριο
Λέρος | Λέρος
Λευκάδα | Λευκάδα
Λεχαινά | Λεχαινά
Ληξούρι | Ληξούρι
Λιβαδειά | Λιβαδειά
Λιμένας Χερσονήσου | Λιμένας Χερσονήσου
Λίνδος | Λίνδος
Λιτόχωρο | Λιτόχωρο
Λουτράκι | Λουτράκι
Λυκόβρυση | Λυκόβρυση
Μάλια | Μάλια
Μάνδρας | Μάνδρας
Μαραθώνας | Μαραθώνας
Μαρκόπουλο | Μαρκόπουλο
Μαρούσι | Μαρούσι
Μαυροχώρι | Μαυροχώρι
Μαχαιράδο | Μαχαιράδο
Μεγάλο Χωριό | Μεγάλο Χωριό
Μεγαλόπολη | Μεγαλόπολη
Μέγαρα | Μέγαρα
Μελίσσια | Μελίσσια
Μεσολόγγι | Μεσολόγγι
Μεσοποταμία | Μεσοποταμία
Μεσσήνη | Μεσσήνη
Μεταμόρφωση | Μεταμόρφωση
Μέτσοβο | Μέτσοβο
Μήλος | Μήλος
Μοίρες | Μοίρες
Μονεμβασιά | Μονεμβασιά
Μοσχάτο | Μοσχάτο
Μουδανιά | Μουδανιά
Μουζάκι | Μουζάκι
Μουρνιές | Μουρνιές
Μοχός | Μοχός
Μύκονος | Μύκονος
Μυτιλήνη | Μυτιλήνη
Νάξος | Νάξος
Νάουσα | Νάουσα
Ναύπακτος | Ναύπακτος
Ναύπλιο | Ναύπλιο
Νέα Αλικαρνασσός | Νέα Αλικαρνασσός
Νέα Ερυθραία | Νέα Ερυθραία
Νέα Ιωνία | Νέα Ιωνία
Νέα Μάκρη | Νέα Μάκρη
Νέα Μηχανιώνα | Νέα Μηχανιώνα
Νέα Σμύρνη | Νέα Σμύρνη
Νέα Φιλαδέλφεια | Νέα Φιλαδέλφεια
Νέα Χαλκηδόνα | Νέα Χαλκηδόνα
Νεάπολη | Νεάπολη
Νεμέα | Νεμέα
Νέο Ψυχικό | Νέο Ψυχικό
Νιγρίτα | Νιγρίτα
Νίκαια | Νίκαια
Νίσυρος | Νίσυρος
Ξάνθη | Ξάνθη
Ξυλόκαστρο | Ξυλόκαστρο
Οινόφυτα | Οινόφυτα
Ορεστιάδα | Ορεστιάδα
Παιανία | Παιανία
Παλαιό Φάληρο | Παλαιό Φάληρο
Παλαιόχωρα | Παλαιόχωρα
Παλλήνη | Παλλήνη
Πανόραμα | Πανόραμα
Παραμυθιά | Παραμυθιά
Πάργα | Πάργα
Πάρος | Πάρος
Πάτμος | Πάτμος
Πάτρα | Πάτρα
Πειραιάς | Πειραιάς
Πέραμα | Πέραμα
Περιστέρι | Περιστέρι
Πετρούπολη | Πετρούπολη
Πεύκη | Πεύκη
Πλαταμώνας | Πλαταμώνας
Πλατανιάς | Πλατανιάς
Πλωμάρι | Πλωμάρι
Πολιτεία | Πολιτεία
Πολύγυρος | Πολύγυρος
Πολύκαστρο | Πολύκαστρο
Πόμπια | Πόμπια
Πρέβεζα | Πρέβεζα
Πτολεμαϊδα | Πτολεμαϊδα
Πυθαγόρειο | Πυθαγόρειο
Πύργος Ηλείας | Πύργος Ηλείας
Πύργος Ηρακλείου | Πύργος Ηρακλείου
Ραφήνα | Ραφήνα
Ρέθυμνο | Ρέθυμνο
Ρίζια | Ρίζια
Ρόδος | Ρόδος
Ρουστικά | Ρουστικά
Σαλαμίνα | Σαλαμίνα
Σαμοθράκη | Σαμοθράκη
Σάμος | Σάμος
Σέριφος | Σέριφος
Σέρρες | Σέρρες
Σητεία | Σητεία
Σιάτιστα | Σιάτιστα
Σιδηρόκαστρο | Σιδηρόκαστρο
Σίφνος | Σίφνος
Σκιάθο0ς | Σκιάθο0ς
Σκόπελος | Σκόπελος
Σκύδρα | Σκύδρα
Σκύρος | Σκύρος
Σούδα | Σούδα
Σουφλί | Σουφλί
Σοφάδες | Σοφάδες
Σπάρτη | Σπάρτη
Σπάτα | Σπάτα
Σπερχειάδα | Σπερχειάδα
Σπέτσες | Σπέτσες
Σπήλι | Σπήλι
Σταυρούπολη | Σταυρούπολη
Σταυροχώρι | Σταυροχώρι
Στυλίδα | Στυλίδα
Συκιές | Συκιές
Σύμη | Σύμη
Σύρος | Σύρος
Σχηματάρι | Σχηματάρι
Ταύρος | Ταύρος
Τζερμιάδο | Τζερμιάδο
Τήλος | Τήλος
Τήνος | Τήνος
Τουρλωτή | Τουρλωτή
Τρίκαλα | Τρίκαλα
Τρίπολη | Τρίπολη
Τσοτίλι | Τσοτίλι
Τυμπάκι | Τυμπάκι
Τύρναβος | Τύρναβος
Υμηττός | Υμηττός
Φάρσαλα | Φάρσαλα
Φιλιππιάδα | Φιλιππιάδα
Φιλοθέη | Φιλοθέη
Φλώρινα | Φλώρινα
Φολέγανδρος | Φολέγανδρος
Χαϊδάρι | Χαϊδάρι
Χαλάνδρι | Χαλάνδρι
Χαλκηδώνα | Χαλκηδώνα
Χαλκίδα | Χαλκίδα
Χανδράς | Χανδράς
Χανιά | Χανιά
Χίος | Χίος
Χολαργός | Χολαργός
Χρυσούπολη | Χρυσούπολη
Χώρα Σφακίων | Χώρα Σφακίων
Ψαχνά | Ψαχνά
Ψυχικό | Ψυχικό
Ωραιόκαστρο | Ωραιόκαστρο